-- Insertion for results
-- Destiny
INSERT INTO result(category, number, message, language) VALUES ('destiny',1,'This is the path of the risk-taker, the entrepreneur, the wholly independent trail-blazer.','en');
INSERT INTO result(category, number, message, language) VALUES ('destiny',2,'This is the path of the homemaker, the team player, the caretaker, and the collector.','en');
INSERT INTO result(category, number, message, language) VALUES ('destiny',3,'This is the path of the adventurous, creative, proverbial, and/or the disciplined scientific.','en');
INSERT INTO result(category, number, message, language) VALUES ('destiny',4,'This is the path of the hard-working, dedicated, forthright employee/entrepreneur and kind-hearted, loyal friend.','en');
INSERT INTO result(category, number, message, language) VALUES ('destiny',5,'This is the path of the energized freedom fighter, promoter, and the stylish, socially adept/world traveler.','en');
INSERT INTO result(category, number, message, language) VALUES ('destiny',6,'This is the path of the good citizen, patient teacher, champion of fairness and justice, and cosmic parent to all.','en');
INSERT INTO result(category, number, message, language) VALUES ('destiny',7,'This is the path of the scholar, the perfectionist, the genius, and the keeper of secrets.','en');
INSERT INTO result(category, number, message, language) VALUES ('destiny',8,'This is the path of the matriarch/patriarch, the judge, the producer/director, the orchestrator, and the class act.','en');
INSERT INTO result(category, number, message, language) VALUES ('destiny',9,'This is the path of the aristocratic and genteel <old soul>, and the universal humanitarian.','en');
INSERT INTO result(category, number, message, language) VALUES ('destiny',11,'This is the path of the intuitive advisor/counselor, the peace-maker, and the enlightened public figure.','en');
INSERT INTO result(category, number, message, language) VALUES ('destiny',22,'This is the path of the enlightened, prudent, organized, determined, and inspiring visionary.','en');
INSERT INTO result(category, number, message, language) VALUES ('destiny',1,'C''est la voie du preneur de risques, de l''entrepreneur, du pionnier totalement indépendant.','fr');
INSERT INTO result(category, number, message, language) VALUES ('destiny',2,'C''est le chemin de la femme au foyer, du joueur d''équipe, du gardien et du collectionneur.','fr');
INSERT INTO result(category, number, message, language) VALUES ('destiny',3,'C''est la voie de l''aventureux, du créatif, du proverbial et/ou du scientifique discipliné.','fr');
INSERT INTO result(category, number, message, language) VALUES ('destiny',4,'C''est le chemin de l''employé / entrepreneur travailleur, dévoué et direct et de l''ami loyal et au bon coeur.','fr');
INSERT INTO result(category, number, message, language) VALUES ('destiny',5,'C''est le chemin du combattant de la liberté énergique, du promoteur et du voyageur élégant, socialement adepte/du monde.','fr');
INSERT INTO result(category, number, message, language) VALUES ('destiny',6,'C''est le chemin du bon citoyen, de l''enseignant patient, du champion de l''équité et de la justice et du parent cosmique de tous.','fr');
INSERT INTO result(category, number, message, language) VALUES ('destiny',7,'C''est la voie de l''érudit, du perfectionniste, du génie et du gardien des secrets.','fr');
INSERT INTO result(category, number, message, language) VALUES ('destiny',8,'C''est le chemin de la matriarche/patriarche, du juge, du producteur/réalisateur, de l''orchestrateur et de l''acte de classe.','fr');
INSERT INTO result(category, number, message, language) VALUES ('destiny',9,'C''est le chemin de la <vieille âme> aristocratique et distinguée, et de l''humanitaire universel.','fr');
INSERT INTO result(category, number, message, language) VALUES ('destiny',11,'C''est la voie du conseiller/conseiller intuitif, du pacificateur et de la personnalité publique éclairée.','fr');
INSERT INTO result(category, number, message, language) VALUES ('destiny',22,'C''est le chemin du visionnaire éclairé, prudent, organisé, déterminé et inspirant.','fr');

-- Personality
INSERT INTO result(category, number, message, language) VALUES ('personality',1,'You are dynamic, strong-willed and a natural leader, and your single-minded focus sets the stage for your success.','en');
INSERT INTO result(category, number, message, language) VALUES ('personality',2,'You are a peacemaker, nurturing, caring and kind, and an indispensable friend, mate, employee or boss.','en');
INSERT INTO result(category, number, message, language) VALUES ('personality',3,'You are awesomely creative, imaginary and entertaining, and a superlative host or hostess.','en');
INSERT INTO result(category, number, message, language) VALUES ('personality',4,'You are a dedicated, detail-oriented and a tireless worker, and your word is as good as gold.','en');
INSERT INTO result(category, number, message, language) VALUES ('personality',5,'Your intelligent, enthusiastic, and genial nature inspires and motivates all who know you.','en');
INSERT INTO result(category, number, message, language) VALUES ('personality',6,'You are responsible, people oriented, and a lover of beauty, nature and the home.','en');
INSERT INTO result(category, number, message, language) VALUES ('personality',7,'You are analytical, research-oriented, and your quest for knowledge is vast and unquenchable.','en');
INSERT INTO result(category, number, message, language) VALUES ('personality',8,'You are an ambitious, organized, quality operator, and born to be a leader with a penchant for protocol and justice.','en');
INSERT INTO result(category, number, message, language) VALUES ('personality',9,'You are multi-talented, creative and competent and you are in your true character when being of service to others.','en');
INSERT INTO result(category, number, message, language) VALUES ('personality',10,'You are independent, considerate, and responsible with a take-charge nature; and an optimist attitude that finds the positive in any situation.','en');
INSERT INTO result(category, number, message, language) VALUES ('personality',11,'You are sensitive, intelligent, original, inspiring, a good listener and naturally assume the big shoulders role for many.','en');
INSERT INTO result(category, number, message, language) VALUES ('personality',12,'You are charming, personable and creative and your strong determination and foresight help you to manifest your goals.','en');
INSERT INTO result(category, number, message, language) VALUES ('personality',13,'You are astute, independent, down-to-earth and forthright, and your dedication, tenacity and endurance with any concept, circumstance or endeavor is extraordinary.','en');
INSERT INTO result(category, number, message, language) VALUES ('personality',14,'You are a storehouse of energy with a steel-trap mind that constantly churns out new ideas and creative, practical concepts and solutions.','en');
INSERT INTO result(category, number, message, language) VALUES ('personality',15,'Your independent, creative, artistic/scientific mind craves researching and analyzing vast arrays of subject matter and defending fairness and justice.','en');
INSERT INTO result(category, number, message, language) VALUES ('personality',16,'Your uniquely intellectual, analytical mind requires periods of alone time to sort through your endless thirst for knowledge and reaching beyond accepted boundaries in that quest.','en');
INSERT INTO result(category, number, message, language) VALUES ('personality',17,'You are intelligent, ambitious, courageous, possess enough energy and vitality to run a country, and you are the quintessential class act!','en');
INSERT INTO result(category, number, message, language) VALUES ('personality',18,'You are a multi-talented powerhouse of wisdom, strength, courage, and far-reaching compassion who is exhibiting your best when helping those in need.','en');
INSERT INTO result(category, number, message, language) VALUES ('personality',19,'Your adventuresome nature makes you yearn for variety and change, but when inspired, you can also be a tenacious, dedicated, and honorable employee, boss, mate and friend.','en');
INSERT INTO result(category, number, message, language) VALUES ('personality',20,'Your warm-hearted, helpful, and prudent nature is appreciated in any work environment and you will collect and retain many friends throughout your lifetime.','en');
INSERT INTO result(category, number, message, language) VALUES ('personality',21,'You are good natured, optimistic, inspirational, and generous. You are drawn to all things of beauty, quality, and entertainment, and your own creativity can put you in the limelight.','en');
INSERT INTO result(category, number, message, language) VALUES ('personality',22,'You exhibit extraordinary discipline, energy, logic, and sensitivity and you have the mind of a masterful, enlightened, and enterprising visionary.','en');
INSERT INTO result(category, number, message, language) VALUES ('personality',23,'You possess a nurturing, fun-loving, freedom-oriented spirit and your quick mind, originality and intellect steadily churns out clever and unique ideas and plans.','en');
INSERT INTO result(category, number, message, language) VALUES ('personality',24,'You are charming, social, witty, and more of a lover than a fighter. Your conscientious and giving nature tends to always go the extra mile, and you are an honorable friend and mate.','en');
INSERT INTO result(category, number, message, language) VALUES ('personality',25,'You are witty and wise, and you wonder about everything. Your reservoir of innate wisdom and highly compassionate, generous nature give rise to your innate sense of responsibility to humanity, in general.','en');
INSERT INTO result(category, number, message, language) VALUES ('personality',26,'Your personality is like that of a five-star general – steadfast and in command with a fondness for protocol. Your “sixth sense” enables you to readily intuit right from wrong and set an exemplary example for others.','en');
INSERT INTO result(category, number, message, language) VALUES ('personality',27,'Like Old King Cole, you are an old soul, and you possess vast innate knowledge and extraordinary perceptivity. Travel and change are essential to your well-being.','en');
INSERT INTO result(category, number, message, language) VALUES ('personality',28,'You are charming, independent, a born diplomat, and your character is that of an achiever and leader. Your high ideals and principles enable you to accomplish your goals.','en');
INSERT INTO result(category, number, message, language) VALUES ('personality',29,'Your gentle, sensitive nature is complimented by a combination of energy and charisma that draws people to you like a magnet. You possess as sixth sense that enables you help the many who seek out your big shoulders.','en');
INSERT INTO result(category, number, message, language) VALUES ('personality',30,'You are intelligent, creative, fun-loving, and blessed with a great sense of humor, and exceptionally talented when involved in any creative endeavor. Your socially adept nature enables you to stand out among the many.','en');
INSERT INTO result(category, number, message, language) VALUES ('personality',31,'You are creative, innovative, and possess a vast amount of knowledge. Conscientious, dependable and timely, you are also a creature of habit and can be devoted mate and friend.','en');
INSERT INTO result(category, number, message, language) VALUES ('personality',1,'Vous êtes dynamique, volontaire et un leader naturel, et votre concentration unique prépare le terrain pour votre succès.','fr');
INSERT INTO result(category, number, message, language) VALUES ('personality',2,'Vous êtes un artisan de la paix, nourricier, attentionné et gentil, et un ami, un compagnon, un employé ou un patron indispensable.','fr');
INSERT INTO result(category, number, message, language) VALUES ('personality',3,'Vous êtes incroyablement créatif, imaginaire et divertissant, et un hôte ou une hôtesse superlatif.','fr');
INSERT INTO result(category, number, message, language) VALUES ('personality',4,'Vous êtes un travailleur dévoué, soucieux du détail et infatigable, et votre parole vaut autant que l''or.','fr');
INSERT INTO result(category, number, message, language) VALUES ('personality',5,'Votre nature intelligente, enthousiaste et gentille inspire et motive tous ceux qui vous connaissent.','fr');
INSERT INTO result(category, number, message, language) VALUES ('personality',6,'Vous êtes responsable, orienté vers l''humain et un amoureux de la beauté, de la nature et de la maison.','fr');
INSERT INTO result(category, number, message, language) VALUES ('personality',7,'Vous êtes analytique, orienté vers la recherche et votre quête de connaissances est vaste et inextinguible.','fr');
INSERT INTO result(category, number, message, language) VALUES ('personality',8,'Vous êtes un opérateur ambitieux, organisé, de qualité, né pour être un leader avec un penchant pour le protocole et la justice.','fr');
INSERT INTO result(category, number, message, language) VALUES ('personality',9,'Vous êtes polyvalent, créatif et compétent et vous êtes dans votre vrai caractère lorsque vous êtes au service des autres.','fr');
INSERT INTO result(category, number, message, language) VALUES ('personality',10,'Vous êtes indépendant, prévenant et responsable avec un caractère de prise en charge; et une attitude optimiste qui trouve le positif dans n''importe quelle situation. ','fr');
INSERT INTO result(category, number, message, language) VALUES ('personality',11,'Vous êtes sensible, intelligent, original, inspirant, bon auditeur et assumez naturellement le rôle de ''grandes épaules'' pour beaucoup.','fr');
INSERT INTO result(category, number, message, language) VALUES ('personality',12,'Vous êtes charmant, aimable et créatif et votre forte détermination et votre clairvoyance vous aident à manifester vos objectifs.','fr');
INSERT INTO result(category, number, message, language) VALUES ('personality',13,'Vous êtes astucieux, indépendant, terre-à-terre et franc, et votre dévouement, votre ténacité et votre endurance face à tout concept, circonstance ou entreprise sont extraordinaires. ','fr');
INSERT INTO result(category, number, message, language) VALUES ('personality',14,'Vous êtes un réservoir d''énergie avec un esprit de piège en acier qui produit constamment de nouvelles idées et des concepts et solutions créatifs et pratiques.','fr');
INSERT INTO result(category, number, message, language) VALUES ('personality',15,'Votre esprit indépendant, créatif, artistique / scientifique a soif de rechercher et d''analyser de vastes tableaux de sujets et de défendre l''équité et la justice.','fr');
INSERT INTO result(category, number, message, language) VALUES ('personality',16,'Votre esprit analytique et intellectuel unique a besoin de périodes de temps seul pour trier votre soif infinie de connaissances et dépasser les limites acceptées dans cette quête.','fr');
INSERT INTO result(category, number, message, language) VALUES ('personality',17,'Vous êtes intelligent, ambitieux, courageux, possédez assez d''énergie et de vitalité pour diriger un pays, et vous êtes l''acte de classe par excellence!','fr');
INSERT INTO result(category, number, message, language) VALUES ('personality',18,'Vous êtes une puissance aux multiples talents de sagesse, de force, de courage et de compassion de grande portée, qui fait de votre mieux pour aider ceux qui en ont besoin.','fr');
INSERT INTO result(category, number, message, language) VALUES ('personality',19,'Votre nature aventureuse vous fait aspirer à la variété et au changement, mais une fois inspiré, vous pouvez aussi être un employé, un patron, un compagnon et un ami tenace, dévoué et honorable.','fr');
INSERT INTO result(category, number, message, language) VALUES ('personality',20,'Votre nature chaleureuse, serviable et prudente est appréciée dans n''importe quel environnement de travail et vous rassemblerez et retiendrez de nombreux amis tout au long de votre vie.','fr');
INSERT INTO result(category, number, message, language) VALUES ('personality',21,'Vous êtes de bonne humeur, optimiste, inspirant et généreux. Vous êtes attiré par tout ce qui concerne la beauté, la qualité et le divertissement, et votre propre créativité peut vous mettre sous les feux de la rampe. ','fr');
INSERT INTO result(category, number, message, language) VALUES ('personality',22,'Vous faites preuve d''une discipline, d''une énergie, d''une logique et d''une sensibilité extraordinaires et vous avez l''esprit d''un visionnaire magistral, éclairé et entreprenant.','fr');
INSERT INTO result(category, number, message, language) VALUES ('personality',23,'Vous possédez un esprit nourricier, aimant s''amuser et axé sur la liberté et votre esprit vif, votre originalité et votre intellect produisent régulièrement des idées et des plans intelligents et uniques.','fr');
INSERT INTO result(category, number, message, language) VALUES ('personality',24,'Vous êtes charmant, sociable, spirituel et plus amoureux que combattant. Votre nature consciencieuse et généreuse a tendance à toujours faire ''un effort supplémentaire'', et vous êtes un ami et un compagnon honorables. ','fr');
INSERT INTO result(category, number, message, language) VALUES ('personality',25,'Vous êtes spirituel et sage, et vous vous interrogez sur tout. Votre réservoir de sagesse innée et de nature hautement compatissante et généreuse donne naissance à votre sens inné de responsabilité envers l''humanité en général. ','fr');
INSERT INTO result(category, number, message, language) VALUES ('personality',26,'Votre personnalité est comme celle d''un général cinq étoiles - inébranlable et aux commandes avec un penchant pour le protocole. Votre ''sixième sens'' vous permet de comprendre facilement le bien du mal et de donner un exemple exemplaire aux autres. ','fr');
INSERT INTO result(category, number, message, language) VALUES ('personality',27,'Comme le vieux roi Cole, vous êtes une ''vieille âme'', et vous possédez une vaste connaissance innée et une perspicacité extraordinaire. Les voyages et le changement sont essentiels à votre bien-être. ','fr');
INSERT INTO result(category, number, message, language) VALUES ('personality',28,'Vous êtes charmant, indépendant, diplomate né, et votre caractère est celui d''un réalisateur et d''un leader. Vos idéaux et principes élevés vous permettent d''atteindre vos objectifs. ','fr');
INSERT INTO result(category, number, message, language) VALUES ('personality',29,'Votre nature douce et sensible est complétée par une combinaison d''énergie et de charisme qui attire les gens vers vous comme un aimant. Vous possédez un ''sixième sens'' qui vous permet d''aider ceux qui recherchent vos ''grandes épaules''. ','fr');
INSERT INTO result(category, number, message, language) VALUES ('personality',30,'Vous êtes intelligent, créatif, aimant s''amuser et doté d''un grand sens de l''humour, et d''un talent exceptionnel lorsque vous êtes impliqué dans une entreprise créative. Votre nature socialement apte vous permet de vous démarquer parmi les nombreux. ','fr');
INSERT INTO result(category, number, message, language) VALUES ('personality',31,'Vous êtes créatif, innovant et possédez une grande quantité de connaissances. Consciencieux, fiable et opportun, vous êtes également une créature d''habitude et pouvez être un compagnon et un ami dévoué. ','fr');

-- Attitude
INSERT INTO result(category, number, message, language) VALUES ('attitude',1,'You are born with a strong will and independent nature. You prefer to make your own choices and are stubborn when pushed in a different direction.','en');
INSERT INTO result(category, number, message, language) VALUES ('attitude',2,'You are born to be a sweet, gentle, kind and caring child and young adult. You love to nurture and be nurtured and are perceptive and sensitive.','en');
INSERT INTO result(category, number, message, language) VALUES ('attitude',3,'You are born somewhat shy but once you learn to speak, you can become a natural entertainer, adventuresome, and captivating.','en');
INSERT INTO result(category, number, message, language) VALUES ('attitude',4,'You are born with a sensitive, stubborn temperament, but can be very sweet and dutiful when given praise and encouragement.','en');
INSERT INTO result(category, number, message, language) VALUES ('attitude',5,'You are born with energy abounding! You need constant mental and physical stimulation and your temper flares when impatient.','en');
INSERT INTO result(category, number, message, language) VALUES ('attitude',6,'You are born to be responsible, conscientious, considerate, kind and caring to everyone, especially your parents, siblings, friends, and all things of nature.','en');
INSERT INTO result(category, number, message, language) VALUES ('attitude',7,'You are born with a brilliant mind that needs alone time to indulge your quest for knowledge and vast interests and intrigues.','en');
INSERT INTO result(category, number, message, language) VALUES ('attitude',8,'You are born to be exemplary in everything you do; which originates from your need to feel in control. You are the straight A student when encouraged.','en');
INSERT INTO result(category, number, message, language) VALUES ('attitude',9,'You are born with a more adult-like sensibility at a very early age. Praise and encouragement from those closest to you fuel your achievements.','en');
INSERT INTO result(category, number, message, language) VALUES ('attitude',11,'You are born super sensitive; highly intuitive, high-minded and a lover of music; sweet, gentle and cerebral when inspired, you are star material.','en');
INSERT INTO result(category, number, message, language) VALUES ('attitude',22,'You are born with a stubborn streak but with encouragement you can be a very purposeful, enterprising, inspired and ingenious.','en');
INSERT INTO result(category, number, message, language) VALUES ('attitude',1,'Vous êtes né avec une forte volonté et une nature indépendante. Vous préférez faire vos propres choix et êtes têtu lorsque vous êtes poussé dans une direction différente. ','fr');
INSERT INTO result(category, number, message, language) VALUES ('attitude',2,'Vous êtes né pour être un enfant et un jeune adulte doux, doux, gentil et attentionné. Vous aimez nourrir et être nourri et êtes perspicace et sensible. ','fr');
INSERT INTO result(category, number, message, language) VALUES ('attitude',3,'Vous êtes né un peu timide mais une fois que vous apprenez à parler, vous pouvez devenir un artiste naturel, aventureux et captivant.','fr');
INSERT INTO result(category, number, message, language) VALUES ('attitude',4,'Vous êtes né avec un tempérament sensible et têtu, mais vous pouvez être très doux et respectueux lorsque vous êtes félicité et encouragé. ','fr');
INSERT INTO result(category, number, message, language) VALUES ('attitude',5,'Vous êtes né avec une énergie débordante! Vous avez besoin d''une stimulation mentale et physique constante et votre tempérament s''enflamme lorsque vous êtes impatient. ','fr');
INSERT INTO result(category, number, message, language) VALUES ('attitude',6,'Vous êtes né pour être responsable, consciencieux, attentionné, gentil et attentionné envers tout le monde, en particulier vos parents, vos frères et sœurs, vos amis et toutes les choses de la nature.','fr');
INSERT INTO result(category, number, message, language) VALUES ('attitude',7,'Vous êtes né avec un esprit brillant qui a besoin de temps pour se livrer à votre quête de connaissances et de vastes intérêts et intrigues.','fr');
INSERT INTO result(category, number, message, language) VALUES ('attitude',8,'Vous êtes né pour être exemplaire dans tout ce que vous faites; qui provient de votre besoin de vous sentir en contrôle. Vous êtes un ''élève hétéro'' lorsque vous êtes encouragé. ','fr');
INSERT INTO result(category, number, message, language) VALUES ('attitude',9,'Vous êtes né très jeune avec une sensibilité plus adulte. Les louanges et les encouragements de vos proches alimentent vos réalisations. ','fr');
INSERT INTO result(category, number, message, language) VALUES ('attitude',11,'Vous êtes né super sensible; très intuitif, noble et amateur de musique; douce, douce et cérébrale lorsqu''elle est inspirée, vous êtes une matière vedette. ','fr');
INSERT INTO result(category, number, message, language) VALUES ('attitude',22,'Vous êtes né avec une tendance obstinée, mais avec des encouragements, vous pouvez être un homme très déterminé, entreprenant, inspiré et ingénieux.','fr');

-- Character
INSERT INTO result(category, number, message, language) VALUES ('character',1,'Possessing an original and innovative mind, with a steadfast focus on your goals qualifies you as a leader.','en');
INSERT INTO result(category, number, message, language) VALUES ('character',2,'Being naturally diplomatic, good-natured and a peacemaker, your public persona is like that of an ambassador for the people.','en');
INSERT INTO result(category, number, message, language) VALUES ('character',3,'Your optimistic, enthusiastic, and creative abilities give you the capacity to engage, inspire, and entertain others in any line of work you choose.','en');
INSERT INTO result(category, number, message, language) VALUES ('character',4,'Your conscientious, organized, systematic and reliable public persona makes you a sought-after worker-bee or Chairman of the Board.','en');
INSERT INTO result(category, number, message, language) VALUES ('character',5,'Your charming, articulate, flexible and style-conscious nature make you a trendsetter who can engage and inspire many when focused on a mission','en');
INSERT INTO result(category, number, message, language) VALUES ('character',6,'As a born humanitarian, community-oriented, outstanding parent/teacher/human being who always goes the extra mile you are an exemplary committee or cause leader.','en');
INSERT INTO result(category, number, message, language) VALUES ('character',7,'As a philosophically avant-garde, knowledge-seeking genius, you don''t seek the limelight but are superlative teachers, professors, and career specialists.','en');
INSERT INTO result(category, number, message, language) VALUES ('character',8,'Your commanding, exemplary teacher-of-teachers, judge/jury, producer/director persona possesses a sixth sense that enables you to readily distinguish right from wrong in anything.','en');
INSERT INTO result(category, number, message, language) VALUES ('character',9,'As a born sage, aristocratic, socially pleasing humanitarian, you gravitate toward the community that can benefit most from  your selfless server mission.','en');
INSERT INTO result(category, number, message, language) VALUES ('character',11,'As an empathetic, enlightened and understanding counselor or community leader, you belong in the limelight; the 11 is associated with fame and illumination.','en');
INSERT INTO result(category, number, message, language) VALUES ('character',22,'As a high-minded builder of empires and spiritually-oriented organizer, you are best suited to help public causes and companies that appreciate your dedicated, straightforward style.','en');
INSERT INTO result(category, number, message, language) VALUES ('character',1,'Posséder un esprit original et innovant, avec une concentration constante sur vos objectifs, vous qualifie de leader.','fr');
INSERT INTO result(category, number, message, language) VALUES ('character',2,'Étant naturellement diplomate, bon enfant et pacificateur, votre personnalité publique est comme celle d''un ambassadeur du peuple.','fr');
INSERT INTO result(category, number, message, language) VALUES ('character',3,'Vos capacités optimistes, enthousiastes et créatives vous donnent la capacité d''engager, d''inspirer et de divertir les autres dans n''importe quel type de travail que vous choisissez.','fr');
INSERT INTO result(category, number, message, language) VALUES ('character',4,'Votre personnalité publique consciencieuse, organisée, systématique et fiable fait de vous un travailleur-abeille recherché ou un président du conseil d''administration.','fr');
INSERT INTO result(category, number, message, language) VALUES ('character',5,'Votre nature charmante, articulée, flexible et soucieuse de votre style fait de vous un pionnier qui peut engager et inspirer beaucoup de monde lorsqu''il est concentré sur une mission','fr');
INSERT INTO result(category, number, message, language) VALUES ('character',6,'En tant que parent / enseignant / être humain né humanitaire, orienté vers la communauté et exceptionnel, qui ''fait toujours un effort supplémentaire'', vous êtes un comité exemplaire ou un leader de cause.','fr');
INSERT INTO result(category, number, message, language) VALUES ('character',7,'En tant que génie philosophiquement avant-gardiste et à la recherche de connaissances, vous ne recherchez pas les feux de la rampe, mais vous êtes des enseignants, des professeurs et des spécialistes de carrière exceptionnels.','fr');
INSERT INTO result(category, number, message, language) VALUES ('character',8,'Votre maître d''enseignants, votre juge / jury, votre personnage de producteur / réalisateur, exemplaire et exemplaire, possède un sixième sens qui vous permet de distinguer facilement le bien du mal en quoi que ce soit.','fr');
INSERT INTO result(category, number, message, language) VALUES ('character',9,'En tant que sage né, aristocratique, humanitaire socialement agréable, vous vous dirigez vers la communauté qui peut le plus bénéficier de votre mission de ''serveur désintéressé''.','fr');
INSERT INTO result(category, number, message, language) VALUES ('character',11,'En tant que conseiller ou leader communautaire empathique, éclairé et compréhensif, vous êtes sous les feux de la rampe; le 11 est associé à la renommée et à l''illumination. ','fr');
INSERT INTO result(category, number, message, language) VALUES ('character',22,'En tant que bâtisseur d''empires à l''esprit élevé et organisateur à orientation spirituelle, vous êtes le mieux placé pour aider les causes publiques et les entreprises qui apprécient votre style dévoué et franc.','fr');

-- Soul Urge
INSERT INTO result(category, number, message, language) VALUES ('soul_urge',1,'Your Soul''s Urge is to be innovative, creative, and lead the masses to a higher realm of consciousness and understanding that engenders compassion for all.','en');
INSERT INTO result(category, number, message, language) VALUES ('soul_urge',2,'Your Soul''s Urge is to effect peace, harmony, and finesse to bring about greater nurturing and loving qualities in those you know and comfort.','en');
INSERT INTO result(category, number, message, language) VALUES ('soul_urge',3,'Your Soul''s Urge is to bring JOY, enthusiasm, passion, and arouse the imagination of others with creativity and heart-warming concepts and interests.','en');
INSERT INTO result(category, number, message, language) VALUES ('soul_urge',4,'Your Soul''s Urge is to deliver honesty, dependability, practicality, and determination to help others and yourself achieve inspiring and enlightening outcomes.','en');
INSERT INTO result(category, number, message, language) VALUES ('soul_urge',5,'Your Soul''s Urge is to use your abounding energy, broad-mindedness and progressive mental attributes to help bring forth high-minded contributions to mankind.','en');
INSERT INTO result(category, number, message, language) VALUES ('soul_urge',6,'Your Soul''s Urge is to be responsible, conscientious, caring and kind to one and all, and to teach, counsel, and comfort to maintain those qualities yourself.','en');
INSERT INTO result(category, number, message, language) VALUES ('soul_urge',7,'Your Soul''s Urge is to use your analytical, research-oriented and questioning nature to discover or uncover something meaningful that will help the many, as opposed to a few.','en');
INSERT INTO result(category, number, message, language) VALUES ('soul_urge',8,'Your Soul''s Urge is to bring quality, consistency and inspiration to others and to effect your natural finesse, and quality in you all touch.','en');
INSERT INTO result(category, number, message, language) VALUES ('soul_urge',9,'Your Souls Urge is to use your aristocratic, gentile and humane qualities with consistency which will help to set the stage for others to emulate.','en');
INSERT INTO result(category, number, message, language) VALUES ('soul_urge',11,'Your Soul''s Urge is to bring peace, harmony, beauty and honorability as examples of your highest spiritual qualities for all to appreciate and hopefully imitate.','en');
INSERT INTO result(category, number, message, language) VALUES ('soul_urge',22,'Your Soul''s Urge is that of a Master Builder one whose soulful desire is to help and serve mankind and the earth with high-mindedness and humanitarianism.','en');
INSERT INTO result(category, number, message, language) VALUES ('soul_urge',1,'L''envie de votre âme est d''être innovante, créative et de conduire les masses vers un domaine supérieur de conscience et de compréhension qui engendre la compassion pour tous.','fr');
INSERT INTO result(category, number, message, language) VALUES ('soul_urge',2,'Le désir de votre âme est de réaliser la paix, l''harmonie et la finesse pour apporter de plus grandes qualités nourricières et aimantes à ceux que vous connaissez et réconfortez.','fr');
INSERT INTO result(category, number, message, language) VALUES ('soul_urge',3,'Le désir de votre âme est d''apporter de la JOIE, de l''enthousiasme, de la passion et de susciter l''imagination des autres avec de la créativité et des concepts et des intérêts réconfortants.','fr');
INSERT INTO result(category, number, message, language) VALUES ('soul_urge',4,'Le désir de votre âme est de livrer honnêteté, fiabilité, praticité et détermination pour aider les autres et vous-même à atteindre des résultats inspirants et éclairants.','fr');
INSERT INTO result(category, number, message, language) VALUES ('soul_urge',5,'Le désir de votre âme est d''utiliser votre énergie abondante, votre ouverture d''esprit et vos attributs mentaux progressifs pour aider à apporter des contributions élevées à l''humanité.','fr');
INSERT INTO result(category, number, message, language) VALUES ('soul_urge',6,'Le désir de votre âme est d''être responsable, consciencieux, attentionné et gentil envers tout un chacun, et d''enseigner, de conseiller et de réconforter pour maintenir ces qualités vous-même.','fr');
INSERT INTO result(category, number, message, language) VALUES ('soul_urge',7,'Le désir de votre âme est d''utiliser votre nature analytique, axée sur la recherche et interrogative pour découvrir ou découvrir quelque chose de significatif qui aidera le plus grand nombre, par opposition à quelques-uns.','fr');
INSERT INTO result(category, number, message, language) VALUES ('soul_urge',8,'Le désir de votre âme est d''apporter de la qualité, de la cohérence et de l''inspiration aux autres et de réaliser votre finesse naturelle et la qualité de votre contact. ','fr');
INSERT INTO result(category, number, message, language) VALUES ('soul_urge',9,'Le désir de votre âme est d''utiliser vos qualités aristocratiques, gentiles et humaines avec cohérence, ce qui aidera à préparer le terrain pour que les autres imitent.','fr');
INSERT INTO result(category, number, message, language) VALUES ('soul_urge',11,'Le désir de votre âme est d''apporter la paix, l''harmonie, la beauté et l''honorabilité comme exemples de vos plus hautes qualités spirituelles pour que tous les apprécient et, espérons-les, imitent.','fr');
INSERT INTO result(category, number, message, language) VALUES ('soul_urge',22,'Le désir de votre âme est celui d''un ''Maître Constructeur'', celui dont le désir profond est d''aider et de servir l''humanité et la terre avec une grande intelligence et un sens humanitaire.','fr');

-- Hidden Agenda
INSERT INTO result(category, number, message, language) VALUES ('hidden_agenda',1,'This agenda incites an innate desire to be independent, to lead, to innovate, and to create original and unique concepts and things.','en');
INSERT INTO result(category, number, message, language) VALUES ('hidden_agenda',2,'This agenda brings forth the innate desire to live life in peace and harmony, effecting a non-aggressive, cooperative and congenial nature for all.','en');
INSERT INTO result(category, number, message, language) VALUES ('hidden_agenda',3,'This agenda inspires an innate desire to be more creative, entertaining, and to travel the world, delivering greater pleasure and joy to all who engage with your uplifting persona.','en');
INSERT INTO result(category, number, message, language) VALUES ('hidden_agenda',4,'This agenda entails logic, organization, and perseverance to manifest the innate needs, desires and peace of mind you harbor and hold.','en');
INSERT INTO result(category, number, message, language) VALUES ('hidden_agenda',5,'This agenda inspires an innate desire for freedom more than anything else, along with acquiring the ability to travel and live unrestrained as much as possible.','en');
INSERT INTO result(category, number, message, language) VALUES ('hidden_agenda',6,'This agenda has a strong innate humanitarianism focus – helping and caring for all things of the earth – humans, animals and the beautiful earth itself.','en');
INSERT INTO result(category, number, message, language) VALUES ('hidden_agenda',7,'This agenda provokes an innate thirst for gaining knowledge associated with the sciences (esoteric or otherwise), philosophies, arts, and spirituality.','en');
INSERT INTO result(category, number, message, language) VALUES ('hidden_agenda',8,'This agenda expresses an innate desire for power, acclaim and amassing huge amounts of money, or being an enlightened teacher of the masses.','en');
INSERT INTO result(category, number, message, language) VALUES ('hidden_agenda',9,'This agenda affects an innate desire to attain the finest of everything from clothing and cars to entertainment, or an inordinate need to live a wholly humanitarian life without a thought for self.','en');
INSERT INTO result(category, number, message, language) VALUES ('hidden_agenda',11,'This agenda incites an innate need to minister, counsel, or participate in the healing arts in a way that helps the many, or to become known for your humanitarian services.','en');
INSERT INTO result(category, number, message, language) VALUES ('hidden_agenda',22,'This agenda inspires an innate desire to do something grand for mankind. This Master Number gives you the ability to scale the highest mountains or invent an exemplary product or philosophy.','en');
INSERT INTO result(category, number, message, language) VALUES ('hidden_agenda',1,'Cet agenda suscite un désir inné d''être indépendant, de diriger, d''innover et de créer des concepts et des choses originaux et uniques.','fr');
INSERT INTO result(category, number, message, language) VALUES ('hidden_agenda',2,'Cet agenda fait naître le désir inné de vivre la vie dans la paix et l''harmonie, avec une nature non agressive, coopérative et sympathique pour tous.','fr');
INSERT INTO result(category, number, message, language) VALUES ('hidden_agenda',3,'Cet agenda inspire un désir inné d''être plus créatif, divertissant et de parcourir le monde, offrant plus de plaisir et de joie à tous ceux qui s''engagent avec votre personnalité édifiante.','fr');
INSERT INTO result(category, number, message, language) VALUES ('hidden_agenda',4,'Cet agenda implique logique, organisation et persévérance pour manifester les besoins innés, les désirs et la tranquillité d''esprit que vous hébergez et détenez.','fr');
INSERT INTO result(category, number, message, language) VALUES ('hidden_agenda',5,'Cet agenda inspire un désir inné de liberté plus que toute autre chose, tout en acquérant la capacité de voyager et de vivre autant que possible sans retenue.','fr');
INSERT INTO result(category, number, message, language) VALUES ('hidden_agenda',6,'Cet agenda a une forte orientation humanitaire innée - aider et prendre soin de toutes les choses de la terre - les humains, les animaux et la belle terre elle-même.','fr');
INSERT INTO result(category, number, message, language) VALUES ('hidden_agenda',7,'Cet agenda provoque une soif innée d''acquérir des connaissances associées aux sciences (ésotériques ou non), aux philosophies, aux arts et à la spiritualité.','fr');
INSERT INTO result(category, number, message, language) VALUES ('hidden_agenda',8,'Cet agenda exprime un désir inné de pouvoir, d''acclamer et d''amasser d''énormes sommes d''argent, ou d''être un enseignant éclairé des masses.','fr');
INSERT INTO result(category, number, message, language) VALUES ('hidden_agenda',9,'Cet agenda affecte un désir inné d''atteindre le meilleur de tout, des vêtements et voitures aux divertissements, ou un besoin démesuré de vivre une vie entièrement humanitaire sans une pensée pour soi.','fr');
INSERT INTO result(category, number, message, language) VALUES ('hidden_agenda',11,'Cet agenda suscite un besoin inné de servir, de conseiller ou de participer aux arts de la guérison d''une manière qui aide le plus grand nombre, ou de se faire connaître pour vos services humanitaires.','fr');
INSERT INTO result(category, number, message, language) VALUES ('hidden_agenda',22,'Cet agenda inspire un désir inné de faire quelque chose de grand pour l''humanité. Ce Maître-Nombre vous donne la possibilité de gravir les plus hautes montagnes ou d''inventer un produit ou une philosophie exemplaire.','fr');

-- Divine Purpose
INSERT INTO result(category, number, message, language) VALUES ('divine_purpose',1,'Your Divine Purpose is to leave behind a legacy of something you pioneered - a concept, a product, a foundation.','en');
INSERT INTO result(category, number, message, language) VALUES ('divine_purpose',2,'Your Divine Purpose is to bring peace, comfort and harmony to your fellow humans.','en');
INSERT INTO result(category, number, message, language) VALUES ('divine_purpose',3,'Your Divine Purpose is to use your creative and imaginative talents to produce a product, an idea, a book, a film, or some other form of artful expression.','en');
INSERT INTO result(category, number, message, language) VALUES ('divine_purpose',4,'Your Divine Purpose is to build a stable foundation that helps people and has a humanitarian focus.','en');
INSERT INTO result(category, number, message, language) VALUES ('divine_purpose',5,'Your Divine Purpose is to help to effect progressive changes that make life better for future generations.','en');
INSERT INTO result(category, number, message, language) VALUES ('divine_purpose',6,'Your Divine Purpose is to teach, to instigate, and to help humanitarian causes, to care for home and family, and be socially responsible.','en');
INSERT INTO result(category, number, message, language) VALUES ('divine_purpose',7,'Your Divine Purpose is to impart the vast knowledge you have gathered in a science, an art, a philosophy, or a religion through a creative endeavor.','en');
INSERT INTO result(category, number, message, language) VALUES ('divine_purpose',8,'Your Divine Purpose is to lead, direct, initiate, and instigate as a leader or executive, and to help the less fortunate through philanthropy.','en');
INSERT INTO result(category, number, message, language) VALUES ('divine_purpose',9,'Your Divine Purpose is to be a universal humanitarian - a good parent, a good mate, and a good citizen; a philanthropist, a minister, a politician - working for the betterment of mankind.','en');
INSERT INTO result(category, number, message, language) VALUES ('divine_purpose',11,'Your Divine Purpose is to help people on the spiritual, psychological, and mental planes. To uplift others with words of wisdom; to listen, advise, and help others to move forward on their life''s journey.','en');
INSERT INTO result(category, number, message, language) VALUES ('divine_purpose',22,'Your Divine Purpose is to organize and build; to maintain a business enterprise that offers work to others and helps people through service to the community and perhaps throughout the world.','en');
INSERT INTO result(category, number, message, language) VALUES ('divine_purpose',1,'Votre but divin est de laisser derrière vous un héritage de quelque chose que vous avez lancé - un concept, un produit, une fondation. ','fr');
INSERT INTO result(category, number, message, language) VALUES ('divine_purpose',2,'Votre but divin est d''apporter la paix, le confort et l''harmonie à vos semblables.','fr');
INSERT INTO result(category, number, message, language) VALUES ('divine_purpose',3,'Votre but divin est d''utiliser vos talents créatifs et imaginatifs pour produire un produit, une idée, un livre, un film ou une autre forme d''expression artistique.','fr');
INSERT INTO result(category, number, message, language) VALUES ('divine_purpose',4,'Votre but divin est de construire une fondation stable qui aide les gens et qui a un objectif humanitaire.','fr');
INSERT INTO result(category, number, message, language) VALUES ('divine_purpose',5,'Votre but divin est d''aider à effectuer des changements progressifs qui améliorent la vie des générations futures.','fr');
INSERT INTO result(category, number, message, language) VALUES ('divine_purpose',6,'Votre but divin est d''enseigner, d''inciter et d''aider les causes humanitaires, de prendre soin de la maison et de la famille et d''être socialement responsable.','fr');
INSERT INTO result(category, number, message, language) VALUES ('divine_purpose',7,'Votre but divin est de transmettre la vaste connaissance que vous avez acquise dans une science, un art, une philosophie ou une religion à travers un effort créatif.','fr');
INSERT INTO result(category, number, message, language) VALUES ('divine_purpose',8,'Votre but divin est de diriger, diriger, initier et inciter en tant que leader ou exécutif, et d''aider les moins fortunés par la philanthropie.','fr');
INSERT INTO result(category, number, message, language) VALUES ('divine_purpose',9,'Votre but divin est d''être un humanitaire universel - un bon parent, un bon compagnon et un bon citoyen; un philanthrope, un ministre, un homme politique - travaillant pour le bien de l''humanité. ','fr');
INSERT INTO result(category, number, message, language) VALUES ('divine_purpose',11,'Votre but divin est d''aider les gens sur les plans spirituel, psychologique et mental. Pour élever les autres avec des paroles de sagesse; écouter, conseiller et aider les autres à avancer dans leur vie. ','fr');
INSERT INTO result(category, number, message, language) VALUES ('divine_purpose',22,'Votre but divin est d''organiser et de construire; pour maintenir une entreprise commerciale qui offre du travail aux autres et aide les gens par le service à la communauté et peut-être dans le monde entier. ','fr');

-- Personal Year
INSERT INTO result(category, number, message, language) VALUES ('personal_year',1,'The number 1 puts you on the path to personal advancement. At work, you will start new projects. In love, you will meet a surprise. By investing money, you will make a profitable investment.','en');
INSERT INTO result(category, number, message, language) VALUES ('personal_year',2,'Relationships will be your priority. It will be constantly marked by the duality between harmony and conflict. At work, you will associate or, on the contrary, you will end a collaboration. In love, you will experience strong feelings, but there is also a risk of separation. You will make new friendships during this year, but expect to mourn some of them.','en');
INSERT INTO result(category, number, message, language) VALUES ('personal_year',3,'The meaning of 3 for your year is quite positive. It will be successful. At work, success is assured and, in love, you will easily meet people. Your love life will be happy. The 3 also evokes a birth: that of a baby or a project that is close to your heart.','en');
INSERT INTO result(category, number, message, language) VALUES ('personal_year',4,'The central theme of your year 4 is work. You will have to make efforts and even concessions, but it will be worth it: you will reap the fruits of your labor thanks to your perseverance. In your family, you may have some problems. It will be marked by a sentimental rupture.','en');
INSERT INTO result(category, number, message, language) VALUES ('personal_year',5,'Year 5 is about change and fulfillment. At work, you may have a transfer or you will completely change your activity. Punctuated by travel, you will want freedom and independence: no great love story planned.','en');
INSERT INTO result(category, number, message, language) VALUES ('personal_year',6,'You will pay great attention to your home and family. Your partner and your children will be in the foreground. At work, you will have an important choice to make. Regarding the theme of money, expect financial success. Now might be a good time to invest.','en');
INSERT INTO result(category, number, message, language) VALUES ('personal_year',7,'Reflection and introspection will be at the heart of your priorities. You will slow down. She won''t be very favorable in terms of love. At work, you will have to be careful. On the other hand, you will have an unexpected cash flow. For you, the year is conducive to spiritual fulfillment. You will tend to isolate yourself and your relationships will be difficult.','en');
INSERT INTO result(category, number, message, language) VALUES ('personal_year',8,'Fulfillment awaits you during this time. At work, you will have good news. At home, you should expect to experience conflict. Money will also be at the heart of this annuity: it can be profits or losses. Health will be fragile, be vigilant.','en');
INSERT INTO result(category, number, message, language) VALUES ('personal_year',9,'The meaning of 9 evokes the end of a cycle. It''s time to take stock. At work, a long project will finally come to fruition. As a family, you will experience strong emotions and sometimes tensions. This year also marks the end of a romantic relationship. You will meet a new person. Year 9 is not the best to start a new activity: wait until year 1','en');
INSERT INTO result(category, number, message, language) VALUES ('personal_year',1,'Le chiffre 1 vous met sur le chemin de l’avancement personnel. Au travail, vous commencerez de nouveaux projets. En amour, vous ferez une rencontre surprise. En plaçant de l’argent, vous réaliserez un investissement profitable.','fr');
INSERT INTO result(category, number, message, language) VALUES ('personal_year',2,'Les relations seront votre priorité. Elle sera sans cesse marquée par la dualité entre l’harmonie et le conflit. Au travail, vous vous associerez ou bien, au contraire, vous mettrez fin à une collaboration. En amour, vous connaîtrez des sentiments forts, mais il y a également un risque de séparation. Vous nouerez de nouvelles amitiés durant cette année, mais attendez-vous à faire le deuil de certaines d’entre elles.','fr');
INSERT INTO result(category, number, message, language) VALUES ('personal_year',3,'La signification du 3 pour votre année est plutôt positive. Elle sera couronnée de succès. Au travail, la réussite est assurée et, en amour, vous ferez facilement des rencontres. Votre vie sentimentale sera heureuse. Le 3 évoque aussi une naissance : celui d’un bébé ou bien d’un projet qui vous tient à cœur.','fr');
INSERT INTO result(category, number, message, language) VALUES ('personal_year',4,'Le thème central de votre année 4 est le travail. Vous devrez faire des efforts et même des concessions, mais cela en vaudra la peine : vous récolterez les fruits de votre labeur grâce à votre persévérance. Dans votre famille, vous risquez d’avoir quelques soucis. Elle sera marquée par une rupture sentimentale.','fr');
INSERT INTO result(category, number, message, language) VALUES ('personal_year',5,'L’année 5 parle de changement et d’épanouissement. Au travail, vous aurez peut-être une mutation ou bien vous changerez totalement d’activité. Ponctuée par des déplacements, vous aurez envie de liberté et d’indépendance : pas de grande histoire d’amour prévue.','fr');
INSERT INTO result(category, number, message, language) VALUES ('personal_year',6,'Vous accorderez une grande attention à votre foyer et à votre famille. Votre partenaire et vos enfants seront au premier plan. Au travail, vous aurez un choix important à faire. Concernant le thème de l’argent, attendez-vous à des succès financiers. C’est peut-être le bon moment pour investir.','fr');
INSERT INTO result(category, number, message, language) VALUES ('personal_year',7,'La réflexion et l’introspection seront au coeur de vos priorités. Vous ralentirez le rythme. Elle ne sera pas très favorable sur le plan de l’amour. Au travail, il faudra faire preuve de prudence. En revanche, vous aurez une rentrée d’argent inattendue. Pour vous, l’année est propice à l’épanouissement spirituel. Vous aurez tendance à vous isoler et vos relations seront difficiles.','fr');
INSERT INTO result(category, number, message, language) VALUES ('personal_year',8,'L’accomplissement vous attend durant cette période. Au travail, vous aurez une bonne nouvelle. À la maison, vous devez vous attendre à vivre des conflits. L’argent sera aussi au cœur de cette annuité : cela peut être des bénéfices ou bien des pertes. La santé sera fragile, soyez vigilant.','fr');
INSERT INTO result(category, number, message, language) VALUES ('personal_year',9,'La signification du 9 évoque la fin d’un cycle. C’est l’heure du bilan. Au travail, un long projet aboutira enfin. En famille, vous connaîtrez des émotions fortes et parfois des tensions. Cette année marque aussi la fin d’une relation en amour. Vous ferez une nouvelle rencontre. L’année 9 n’est pas la meilleure pour se lancer dans une nouvelle activité : attendez l’année 1.','fr');

-- Love Compatibility
INSERT INTO result(category, number, message, language) VALUES ('love_compatibility',1,'This number reveals a passionate couple and highlights a real love at first sight. In this union, you listen to your heart much more than your reason. The greatest risk here is to fall into boredom: you have to know how to keep the flame alive on a daily basis.','en');
INSERT INTO result(category, number, message, language) VALUES ('love_compatibility',2,'Number 2 is that of union. If you get it, you and your partner are truly meant to be together. Love compatibility is here at the highest point: you have found your half. You don''t have too many questions to ask yourself, but still think about not falling into addiction.','en');
INSERT INTO result(category, number, message, language) VALUES ('love_compatibility',3,'A couple 3 never gets bored. You have a lot of common interests with your partner and you enjoy having a busy social life together. You will still have to make sure to keep a little intimacy in your union if you want it to work in the long term.','en');
INSERT INTO result(category, number, message, language) VALUES ('love_compatibility',4,'A union 4 is not obvious at first sight and it can sometimes be difficult to find the right balance. In this case, it is important not to try to cut corners. It will take time and patience to build a solid couple, but if you believe in it, hang on!','en');
INSERT INTO result(category, number, message, language) VALUES ('love_compatibility',5,'Your couple is not easy: you live a great passion. We will have to expect many twists and turns with this sometimes devastating heart story. If you long for peaceful loves, you have not come across the right number.','en');
INSERT INTO result(category, number, message, language) VALUES ('love_compatibility',6,'The 6 symbolizes a harmonious couple, with two partners who are on the same wavelength. You have found the right balance and you can enjoy this healthy and serene union without asking yourself any questions.','en');
INSERT INTO result(category, number, message, language) VALUES ('love_compatibility',7,'Your couple needs time to become stable. In this union, one of the partners is not necessarily used to long relationships and may find it difficult to invest fully. Take your time and get to know each other, without rushing things.','en');
INSERT INTO result(category, number, message, language) VALUES ('love_compatibility',8,'Emotions run high with an 8 couple. Feelings are strong, but can be both positive and negative. Jealousy meets passion. Chills go hand in hand with impulsive impulses.','en');
INSERT INTO result(category, number, message, language) VALUES ('love_compatibility',9,'You are living in a real fairy tale. A couple 9 is bound by a love worthy of a great romantic film. Each partner is on cloud nine and ready to do anything to satisfy his other half.','en');
INSERT INTO result(category, number, message, language) VALUES ('love_compatibility',1,'Ce nombre révèle un couple passionnel et met en avant un vrai coup de foudre. Dans cette union, vous écoutez votre cœur beaucoup plus que votre raison. Le plus grand risque est ici de tomber dans l’ennui : il faut savoir entretenir la flamme au quotidien.','fr');
INSERT INTO result(category, number, message, language) VALUES ('love_compatibility',2,'Le numéro 2 est celui de l’union. Si vous l’obtenez, c’est que votre partenaire et vous êtes vraiment faits pour être ensemble. La compatibilité amoureuse est ici au plus haut point : vous avez trouvé votre moitié. Vous n’avez pas trop de questions à vous poser, mais pensez tout de même à ne pas tomber dans la dépendance.','fr');
INSERT INTO result(category, number, message, language) VALUES ('love_compatibility',3,'Un couple 3 ne s’ennuie jamais. Vous avez de nombreux intérêts communs avec votre partenaire et vous aimez avoir une vie sociale débordante ensemble. Il faudra tout de même veiller à garder un peu d’intimité dans votre union si vous souhaitez que cela fonctionne sur le long terme.','fr');
INSERT INTO result(category, number, message, language) VALUES ('love_compatibility',4,'Une union 4 n’est pas une évidence au premier abord et il peut être parfois difficile de trouver le bon équilibre. Dans ce cas de figure, il ne faut surtout pas chercher à brûler les étapes. Il faudra du temps et de la patience pour bâtir un couple solide, mais si vous y croyez, accrochez-vous !','fr');
INSERT INTO result(category, number, message, language) VALUES ('love_compatibility',5,'Votre couple n’est pas de tout repos : vous vivez une grande passion. Il faudra s’attendre à de nombreux rebondissements avec cette histoire de cœur parfois dévastatrice. Si vous aspirez à des amours paisibles, vous n’êtes pas tombé sur le bon numéro.','fr');
INSERT INTO result(category, number, message, language) VALUES ('love_compatibility',6,'Le 6 symbolise un couple harmonieux, avec deux partenaires qui sont sur la même longueur d’onde. Vous avez trouvé le bon équilibre et vous pouvez profiter de cette union saine et sereine sans vous poser de questions.','fr');
INSERT INTO result(category, number, message, language) VALUES ('love_compatibility',7,'Votre couple a besoin de temps pour devenir stable. Dans cette union, l’un des partenaires n’est pas forcément habitué aux longues relations et peut avoir du mal à s’investir pleinement. Prenez votre temps et apprenez à vous connaître, sans précipiter les choses.','fr');
INSERT INTO result(category, number, message, language) VALUES ('love_compatibility',8,'Les émotions sont au rendez-vous avec un couple 8. Les sentiments sont forts, mais peuvent être aussi bien positifs que négatifs. La jalousie côtoie la passion. Les frissons vont de pair avec les élans impulsifs.','fr');
INSERT INTO result(category, number, message, language) VALUES ('love_compatibility',9,'Vous vivez un véritable conte de fée. Un couple 9 est lié par un amour digne d’un grand film romantique. Chaque partenaire est sur un petit nuage et prêt à tout pour combler sa moitié.','fr');

-- Insertion for description
INSERT INTO result_description(category, description, language) VALUES ('destiny','This is the most influential number in relation to your personal motivations, what and who you like in your surroundings, and the career(s) you would be most likely to aspire toward.','en');
INSERT INTO result_description(category, description, language) VALUES ('personality','This number describes the behind-the-scenes or private you.','en');
INSERT INTO result_description(category, description, language) VALUES ('attitude','This number is most powerful in the first 30-35 years of your life and represents the how and why you react to circumstances in your youth.','en');
INSERT INTO result_description(category, description, language) VALUES ('character','This number represents primarily your public and social qualities, but you would also exhibit much of the same in your personal relations, too.','en');
INSERT INTO result_description(category, description, language) VALUES ('soul_urge','This influence presents a view of your intuitive, soulful self.','en');
INSERT INTO result_description(category, description, language) VALUES ('hidden_agenda','This vibration offers your innate (hidden) desires.','en');
INSERT INTO result_description(category, description, language) VALUES ('divine_purpose','This is your farewell-performance number vibration. It is what your Soulful Self has chosen to achieve in your latter years of life.','en');
INSERT INTO result_description(category, description, language) VALUES ('personal_year','This is about you should expect about the current year.','en');
INSERT INTO result_description(category, description, language) VALUES ('love_compatibility','This used to determine your love compatibility with another person.','en');
INSERT INTO result_description(category, description, language) VALUES ('destiny','Il s''agit du nombre le plus influent par rapport à vos motivations personnelles, à ce que vous aimez et à qui vous aimez dans votre environnement, et à la ou aux carrières auxquelles vous seriez le plus susceptible d''aspirer.','fr');
INSERT INTO result_description(category, description, language) VALUES ('personality','Ce numéro décrit les coulisses ou vous privé.','fr');
INSERT INTO result_description(category, description, language) VALUES ('attitude','Ce nombre est le plus puissant au cours des 30 à 35 premières années de votre vie et représente comment et pourquoi vous réagissez aux circonstances de votre jeunesse.','fr');
INSERT INTO result_description(category, description, language) VALUES ('character','Ce nombre représente principalement vos qualités publiques et sociales, mais vous montrerez également la même chose dans vos relations personnelles.','fr');
INSERT INTO result_description(category, description, language) VALUES ('soul_urge','Cette influence présente une vue de votre moi intuitif et émouvant.','fr');
INSERT INTO result_description(category, description, language) VALUES ('hidden_agenda','Cette vibration offre vos désirs innés (cachés).','fr');
INSERT INTO result_description(category, description, language) VALUES ('divine_purpose','Ceci est votre vibration de numéro d''adieu-performance. C''est ce que votre Soulful Self a choisi d''accomplir dans vos dernières années de vie.','fr');
INSERT INTO result_description(category, description, language) VALUES ('personal_year','C''est à peu près ce à quoi vous devez vous attendre pour l''année en cours.','fr');
INSERT INTO result_description(category, description, language) VALUES ('love_compatibility','Cela sert à déterminer votre compatibilité amoureuse avec une autre personne.','fr');

-- Insertion for function
INSERT INTO formula(category, `expression`) VALUES ('destiny','Month + Day + Year');
INSERT INTO formula(category, `expression`) VALUES ('personality','Day');
INSERT INTO formula(category, `expression`) VALUES ('attitude','Month + Day');
INSERT INTO formula(category, `expression`) VALUES ('character','Sum of Letters');
INSERT INTO formula(category, `expression`) VALUES ('soul_urge','Sum of Vowels');
INSERT INTO formula(category, `expression`) VALUES ('hidden_agenda','Sum of Consonants');
INSERT INTO formula(category, `expression`) VALUES ('divine_purpose','Destiny + Character');
INSERT INTO formula(category, `expression`) VALUES ('personal_year','Month + Day + Current Year');
INSERT INTO formula(category, `expression`) VALUES ('love_compatibility','Sum last names');
